ContactEmail,ContactPhone
ama-duncan@360-consulting.biz,233209978950
acompsgh@yahoo.com,233244370397
chris@a4africa.com,447497351705
INFO@ABENGINEERING.ORG,233208123053
faf.koul@gmail.com,233544340270
fnzebekale@act-afrique.com,221338679598
chris@act-ict.com,233577700556
ad.precision@yahoo.com,233244603333
owura88@gmail.com,233248944710
Ademtiti@gmail.com,233507711696
dadjabu4ever@yahoo.co.uk,233277577477
KAWA186@YAHOO.COM,233273736227
management@adonaishippinglimited.com,233242248875
aashong@adumossgroup.com,233244643844
Service@aechase.com,233208150199
yasmin.boama@africanbagg.com,233548960144
odjobi.kwakye@amscobv.com,233540113912
john.selorm@afriksantacruz.com,233208703344
tony.a@afrikaysystem.com,233577700601
afrodanlimited@gmail.com,233302663085
tony23poore@outlook.com,233203513845
agro.africagh@gmail.com,233244988280
jemyma@forescopeinc.com,233268092615
cf@aldelia.com,7818645286
alexfos68@yahoo.com,233302252538
alink.eng17@gmail.com,233209572303
abbstationery@gmail.com,233277429680
GILABAYETA@AMITAABENG.COM.GH,233243651575
fred.anane@anafcsl.com,233244511492
e.tettehkubi@ansasys.com,233244977591
I.yankson@apexhealthghana.com,233501296234
PRINCE@APEXSHIPPING.NET,233202290450
isaac.saforo@apollo-oe.com,233545437037
fiifi.eson@apotica.net,233544341182
info@aquatecmsgh.com,233269746477
achteam4@gmail.com,233208150124
sbpaintsil-andoh@ardentghana.com,233544337651
ATOROBERTS@GMAIL.COM,233244785191
neneyo_mate_kole@yahoo.co.uk,233244311468
fuseiniayisha96@yahoo.com,233242009874
askgoventures@yahoo.com,233264946350
asmconsult.gh@gmail.com,233248055201
hamusu1@gmail.com,233547898730
atpageltd@yahoo.com,233244765682
sales@atlantic.com.gh,233544334004
dzahpapi@yahoo.com,233245389704
nanabaafo@gmail.com,233244632360
kenkarL505@hotmail.com,233244378987
moses@bayfieldoilservices.com,233279488575
sedem@bayswaterpetroleum.net,233506011333
thawwach@beamintl.com,96170014570
kduodu@belonline.org,233235402001
Musah.iddrisu@bestbrainsgh.com,233203577240
quintin@bigdesksolutions.com,233264110099
enquiries@bjhlogistics.com,233244058592
eunice@bluchipgh.com,233243161750
pob.bismark@outlook.com,233544148899
dgohemeng@bluezoneglobal.com,233244417243
marketing@bochsystems.net,233504957381
brogyaresources@gmail.com,233244893706
gappiah@btlmarketinggh.com,233246566971
j.eshun@bslghana.com,233507007070
jacquelline.affran@gh.bureauveritas.com,233244879051
Kenneth-ato.dadzie@bureauveritas.com,233279488567
pmifetu@calibrationmasters.com,233501331349
charlesacquah@hotmail.com,233244113130
roseline.ackam@cape3og.com,233202250284
africanus@capricorngiftsgh.com,233244313910
carecommunicationltd@gmail.com,233244027906
employers@careersinghana.com,233500043033
theresa@charterhouseghana.com,233244372864
daniel@cicadaconsult.com,233549503566
sales@cagl.com,233203233333
cleansmelllimited@gmail.com,233264467743
finmgr@cleanearthsci.com,233558063456
accra@cares-group.com,233265352704
s.ofori@comexas.com.gh,233545052824
mvasnani@conshiponline.com,233244352478
edward.melomey@gmail.com,233244431064
nanaboafo1@gmail.com,233208844000
cosmighanaltd@gruppocosmi.com,233241773174
crewelect@yahoo.co.uk,233244275757
joeacquaah@gmail.com,233243189211
cynsola.infrastructure@gmail.com,233244443673
daliliwin.ghana@gmail.com,233246772016
fiifimicah@yahoo.com,233209186974
daovtechmail@daovt.com,233208140842
sam@dataonegh.com,233207806320
md@davidwalterghana.com,233244354595
DEGOULL@HOTMAIL.COM,233543001435
mawuli@delata-ghana.com,233243602764
depghana@gmail.com,233242788136
Boatengsamma@gmail.com,233243714878
devtplanconsult@gmail.com,233244666458
dexconbusiness@yahoo.com,233248121577
paul.akonnor@dignova.com,233208133735
Dihamment@gmail.com,233244710665
sales@ditadangmsl.com,233277418826
hayford.ansa@docutechgh.com,233266174481
Catherine.Nartey@dofsubsea.com,233501570915
DOLSHIP@AFRICAONLINE.COM.GH,233277555999
enamwoyome@hotmail.com,233507650915
francis@doughmanfoods.com,233277482171
GHYAMMINE@DOUMMAR.COM,233302999324
askanicholas@gmail.com,233266780016
eshaft@emglobemaritime.com,233206265586
daniel@endtoendcustomerfocus.com,233245501662
blaryea@econaturalresources.com,233244335523
gnyakutse@ederickltd.com,233208117241
info@edgesands.com,233244606161
kanyane.edisonelectromechgh@gmail.com,233207813219
daniel.obeng@edmafricanresources.com,233303211420
ceo@edric.group,233244158119
egilclothing@outlook.com,233243325171
elkhartfireghana@gmail.com,233244525598
eboninson@gmail.com,233278899081
stepheneku@emigohghana.com,233541448811
emmaldo2014@gmail.com,233244208447
jkp@empiratrust.com,233274377777
asha@empowergh.com,233261345916
md@enacentlimited.com,233208115239
Pheijsman@enermech.com,233824434049
epignosisarts@gmail.com,233246439745
ernest.otu@eservices-gh.com,233277314410
esinam.seade@yahoo.com,233200200240
eventspro@live.com,233244561848
freddarko@e-volutionint.net,233244275977
Operations@gh.hrgworldwide.com,233243358869
gboahene@fairgreenlimited.com,233244634762
fairmontbarkley@gmail.com,233200000994
fastconnect08@gmail.com,233266454893
atentsie@febert.com.gh,233502408066
info@felmikgroup.com.gh,233244361771
info@fincosgh.com,233245678104
finestoneslimited@gmail.com,233244333665
julibban05@gmail.com,233244361065
ken.meaney@firstrg.com,233244507957
FRANCIS.BOAKYE@FLATCMARINEOFFSHORE.COM,233506434190
FELIX.ABBAN@AVISFLEET.COM.GH,233249131491
fontstyle13@gmail.com,233243146320
Alfred.quaynor@fortunedatamanagement.com,233547594546
frametekghltd@gmail.com,233209093622
gladstone@freddiejordan.com,233244116633
fumman_gh@rediffmail.com,233244250691
weolmstead@furnart-gh.com,233502733695
Michael.gyapah@gh.g4s.com,233244250691
info@gapsoncompanylimited.com,233546098520
t.yankson@gartmas.com,233244488811
management@groupskyblue.com,233242248875
info@gecricintegrity.com,233242107400
genaumarketing@gmail.com,233241979502
info@geochemltd.com,233233725635
natnablah@yahoo.com,233244446476
edwin@georgettebarnes.com,233208235291
bernard.pilot@gmail.com,233262908553
sales@ghanarubber.com,233245777777
banyemabel026@gmail.com,233540636796
gilken99@gmail.com,233277113118
sammie2014.sa@gmail.com,233548859173
paakwesi@gtlegalafrica.com,233267719169
kingromela@goldchip-gh.com,233243922474
goldentowersconstruction@yahoo.com,233208420106
simonbaidoo1966@gmail.com,233208122417
greendatesenterprise@yahoo.com,233249771704
greenferntradinggh@gmail.com,233200737588
louisa-a@greenfieldsoffshore.com,233246763563
akwasi@greenwoodsupplyservices.com,233272236739
Efficientfisheries@gmail.com,233209119111
busmoo@yahoo.com,233244622087
LAURA.ATSYOR@GULFSHIELDOFFSHORE.COM,233260505183
haockaili@h2safrica.com,233244311246
opoku-agyemang@hotmail.com,233504011811
hit@hit-gh.com,233303307293
isaacbright66@gmail.com,233249540307
lenon.mukaronda@hawksafrica.com,233506134447
headbogl@gmail.com,233244473129
mireille.morkos@hmd-africa.com,23396104444248
h.tawiah@live.com,233233120431
gquain@hpi-llc.com,233276043933
qshemasters@gmail.com,233201247943
ghana@hybrid-hse.com,233505625114
PVANDYCK@HYPROPS.COM,233277555835
benjamin@hyvilleghana.com,233244639918
lyannixa@yahoo.com,233264844881
iafabox@gmail.com,233505358488
Impamarinegh@outlook.com,233243713786
agyenna1@gmail.com,233208727265
infinitemediagh@gmail.com,233244017403
info.innomindz@gmail.com,233243140467
joel.akakpo@gh.bureau-veritas.com,233249291933
info@imsghana.com,233244958050
peniel.korley@ipmcghana.com,233244338571
amoahesther17@gmail.com,233244620246
PHILIP.AKPAKLI@INTERTEK.COM,233544316491
wilma@ibyservice.com,233244363964
rbekyi@gmail.com,233267245676
bright.addo@mybookandstationery.com,233202673474
delali@itrusonline.com,233244582677
jabfranventures@yahoo.com,233246260981
abbas@jahanengineeringservices.com,233208117420
marketing@japanmotors.com,233248259102
info.jcwasore@gmail.com,233243370356
ibnt@jekoraventures.com,233208171111
info@jesselhrconsult.com,233223805830
christian@jestanengineering.com,233208192488
JIK.managementconsultancyGH@gmail.com,233547356549
kwamedada@yahoo.com,233208197895
richard@jobsinghana.com,233243925110
joecarlent@gmail.com,233244256002
joissamghana@yahoo.com,233208186271
nanaoparebea.tsetse@jonmoore.com.gh,233244667483
natkwansa@yahoo.co.uk,233208510770
atweriaddo@yahoo.com,233208170125
sethagyei123@gmail.com,233556496018
jashley@kgssgh.com,233246309026
kemstec@gmail.com,233247073232
kennexcare@yahoo.com,233208173262
ikwasiarhin@yahoo.com,233266105328
info@kh3inc.com,233544355062
vitalis.dommah@kingdomoffshoreghana.com,233507342798
kingswothindus.2012@gmail.com,233243185832
Kk@klloyds.com,233554039876
darryl@koaclass.com,233244301097
koks_engineering@yahoo.com,233244626647
clumor@glitzafrica.com,233501581261
laaripartners@gmail.com,233208343185
james.laar@laineservices.com,233246543458
famoyaw@landmarksecurity.org,233202040099
eddywiafe@landsardevelopers.com,233244381077
travelafrica@landtours.com,233302761752
lightingaleltd@gmail.com,233208112435
linktellbusinesssystems@gmail.com,233243534403
nbortey@liranz.com,233242236128
afriyie.ofori-koree@livevalue360.com,233204811811
gisele@lumgint.com,233240747010
info@lxhrsolutions.com,+447507 829 932
mcarterconstruction@gmail.com,233208163230
Mark@macdoff.com,233277590799
BRIGHT@MAGICHANDSGH.COM,233244529987
magnetinfogroup@yahoo.com,233502286807
info@massmuvtravel.com,233208136200
mikebanful@gmail.com,233244380601
amma@m-doz.com,233247247200
marketing2@melcomgroup.com,233208135826
kobinameah@gmail.com,233548351585
am@mercerandcompany.com,233243919938
kbennett@metroedgetech.com,233266000913
midasinvestment@hotmail.com,233243515122
M.OYEMADE@GMAIL.COM,233248951379
asantephilomena@ymail.com,233547193895
carl@mindnetgh.com,233244331460
david.abbrey@gmail.com,233244058801
info@ricoagro.com,233244234751
A.QUARTEY@MODERNWORLDLOGISTICS.COM,233508198413
wmochia@gmail.com,233502084648
Mortimerhrtraining@gmail.com,233244369637
maccaulley@mtkengineering.com,233249139908
info@sheeltech.com,233208191086
n3enterprise@yahoo.com,233204356542
fbocran@nalosolutions.com,233540105703
info@naskorsi.com,233243717434
shaun@nauticafrica.com,233545636421
Nesconadvertisement@gmail.com,233209056681
info@nezogh.com,233249284523
abena.ofori@noblefield.com,233202262340
mawuena@nubukefoundation.org,233267556090
ashley@nyansa-africa.com,233244358961
nana@nynaoil.com,233242639989
management@groupskyblue.com,233242248875
Y.EBADI@OFFICEPALLIMITED.COM,233246111333
Philemon@offshorefreight.com,233244740929
jumlaugh@gmail.com,233244544964
Francesco.leuzzi@omagroup.com,233501328430
sales@omanfofor.com,233244505179
charose22000@yahoo.com,233577674685
ghanasupport@investinafrica.com,233208154551
linxwich@yahoo.com,233244363612
info@on-tapghana.com,233244019080
ogoemoses@yahoo.co.uk,233244715028
erica@oxygenplusgh.com,233244263676
gabriella@pmrenaissance.com,233248170108
pacebros@gmail.com,233242161911
daniella.glymin@eyjgroup.com,23324114 474
penicam@gmail.com,233203002626
INFO@PBSL.COM.GH,233302760908
periconsultgh@gmail.com,233244893001
francis.ayivi@persol.net,233244877912
franklin.brew@petrorighana.com,233262266168
blessing.otobo@pflengineering.com,2332347083542204
piermaksservices@gmail.com,233267093331
florence@pilgrimoilfieldservices.com,233244251408
info.pinengineering@gmail.com,233208628630
pkbafrica@gmail.com,233261609308
Ttkpobi@gmail.com,233244211696
Kofi.boateng@pslghana.com,233244363643
PVENTURESMARKETING@YAHOO.COM,233507634118
porchesterhealthghana@yahoo.com,233546705896
a.sarumi@powercitynetwork.com,233245356426
info@pqservicesgh.com,233243112007
info@presank.com,233501266759
ramadu@primmaenergy.com,233244219407
KUKUA@PROLIANTBUSINESS.COM,233505865909
koomson@purveyall.com,233246663614
SELINA@PVMEDIA.COM.GH,233262760845
charles@qualitekengservices.com,233546152222
osei-yaw@qcservicesgh.com,233261107394
joseph.glover.jtg@gmail.com,233244257588
brenda@quantumtoursltd.com,233543415176
info@rabestoil.com,233268223933
radofconsult@yahoo.com,233577482311
rameva.info@gmail.com,233207213900
rancebengltd@yahoo.com,233268068466
rayadomako@yahoo.com,233244676130
reagvin_2000@yahoo.com,233244853451
realdigitalcolours@yahoo.com,233244663091
Genevieve@rectrain.com,233540115588
ato.ekuban@rmghana.com,233244674196
reyosei@reynoldsgh.com,233244373874
SNEWMAN@RHEMA-SYSTEMS.COM,233244276518
info@rholinapparels.com,233543814845
rasenso@googlemail.com,233507035263
ceo@rickslogistic.co,233263002073
gk.akuamoah@rightconsultgh.com,233244140529
info@rigworldservicesltd.com,233204371930
nana.asante@rikair.com,233302227776
international.development@rina.org,233390105385895
ROCKSON.QUASHIE@ROCANNLIMITED.COM,233201872400
ofosuent@yahoo.com,233246603259
romapakk@yahoo.com,233244752998
aurelien.faucher@prezioso-linjebygg.com,233209775956
kkoomson@rosbanoilfield.com,233201067386
roxprintltd@yahoo.com,233244843245
harry.christian@royalmagma.com,233241887537
royaltyconsults@gmail.com,233243988441
ooduro@rpsengineeringservices.com,233244809999
s.saeedventures@gmail.com,233244674196
akua@sabinesolutions.com,233545411414
sadugyamfi67@gmail.com,233244321026
Sahel.bellal@gmail.com,233547597198
ebenbadasu@gmail.com,233244209877
gloria.tackie@sdpropertysol.com,233244040400
edward.owiredu@seaserveghana.com,233242752423
albert.agbemenu@seagfocus.com,233204081118
sealamconsult@gmail.com,233207045052
nana.beecham@seatectelecom.com,233244382639
INFO@SEAWELDGHANA.COM,233244810831
e_dogbatse1964@yahoo.com,233244843317
segloted@yahoo.com,233244619150
sekprin@yahoo.com,233244744668
arrnoldagodzo@senafak.com,233244033583
jsaeed@servaco.com.gh,233244314234
nicholas.kwabenaamaning@sgs.com,233540112486
info@shieldtechnologygh.com,233207459813
ghana@siemoffshore.com,233555440280
siloamventures@gmail.com,233541208083
sandra@sinnotshipping.com,233548627153
abudeyjerome@gmail.com,233243758362
gyosei-dadzie@smartytek-group.com,233501297937
sol@solandltd.com,233206574806
pureproghana@gmail.com,233244313930
sonic@sonicontrol.com,233244353143
dsimpkins@southeycontracting.com.gh,233266000589
jbinns@southeyoffshore.com,233504688038
eyawson@spatialdimension.net,233243218726
williamhalm@spektra.global,233264685336
danielabbrey@gmail.com,233244099446
andycleaningservice2016@gmail.com,233249284994
STATEMENTS.GH@GMAIL.COM,233204377003
jdemby_fk@bslglobal.com,233203063001
KENNETH@BAYFIELDOILSERVICES.COM,233547982026
kofibb@stratcomm-africa.com,233244743543
info@stresstergh.com,233243325675
james.antwi-adjei@superstepsgroup.com,233209992077
info@supreme-healthcare.com,233545662706
mavis.odoom@airswift.com,233540113303
info@sykesandpartners.com,233262289933
gvt@taivani.com,233244358069
fred@tglgh.com,233248040239
INFO@TBICLIMITED.COM,233244643845
petrasanyamahwe@gmail.com,233546618573
jesseakwetey@gmail.com,233244264126
tomstar.ent@gmail.com,233261672444
info@top-archive.com,233242500712
edoni@absailers.com,233302631437
tornyeliengineering@yahoo.com,233242215122
aba.gyesiwah@traideline.com,233244278954
SKAMOFA@TRANSKASMOD.COM,233544684343
TRENOR.ENT@GMAIL.COM,233246516647
app@investinafrica.com,233503328822
samoteng@twinbrookconsult.com,233207277189
info@ucghana.com,233208156427
cdey@uniconwh.com.gh,233208367866
info@streetxpress.com.gh,233540421351
OOM@UPTOUCH.NET,233208179635
George.danso@ut-logistics.com,233501300110
korda.asare@myvaltec.com,233244480420
kobena.buduacquah@applusvelosi.com,233501334500
info@vineghana.com,233244487540
vincenttsebewu@gmail.com,233262361827
hommir34@gmail.com,233244686444
supply.waritigi@gmail.com,233206888888
wellainvestments@gmail.com,233208116863
segbefiasam@gmail.com,233500018416
westsidetravelss@gmail.com,233244024561
wexfield25@yahoo.com,233266345940
kobbynarteh@gmail.com,233555220610
mercelyn.yeboah@yebbcleaning.org,233501339251
Amenyadivine@gmail.com,233208160552
ellendela28@gmail.com,233249240156
youlearnit.uligh@yahoo.com,233244466105
zengfarms@gmail.com,233208249370
zeoteclimited@gmail.com,233545307159
